instance,backend,jobs,machines,operations,solver,pb_encoding_used,vars,clauses,solve_time,time_first_sat,time_latest_sat,time_unsat,UB,horizon_mode,makespan,optimal,best_bound,gap,status
JSPPR_1_10x4.txt,sat,10,4,40,cadical195-pb,binmerge,1446222,4586470,264.7232407190022,12.772027027007425,263.9593370629882,0.6280991819803603,897,heuristic,609,True,609,0.0,OK
JSPPR_1_4x4.txt,sat,4,4,16,cadical195-pb,binmerge,79086,246407,5.364339850988472,5.350121880997904,5.350121880997904,0.005385494994698092,300,heuristic,300,True,300,0.0,OK
JSPPR_1_5x4.txt,sat,5,4,20,cadical195-pb,binmerge,143990,442034,5.614940024999669,5.599699751008302,5.599699751008302,0.0010982210224028677,344,heuristic,344,True,344,0.0,OK
JSPPR_1_6x4.txt,sat,6,4,24,cadical195-pb,binmerge,290002,927036,7.081240881001577,6.348335930990288,7.049889149988303,0.01220283898874186,456,heuristic,436,True,436,0.0,OK
JSPPR_1_7x4.txt,sat,7,4,28,cadical195-pb,binmerge,489235,1521173,18.561103260988602,8.186379721999401,18.14134957100032,0.3823104029870592,541,heuristic,456,True,456,0.0,OK
JSPPR_1_8x4.txt,sat,8,4,32,cadical195-pb,binmerge,673221,2060160,34.70985223999014,8.308254973002477,34.56435043399688,0.0803482850024011,589,heuristic,485,True,485,0.0,OK
JSPPR_1_9x4.txt,sat,9,4,36,cadical195-pb,binmerge,986641,3126289,134.84484105400043,10.233453663997352,133.0520903079887,1.6889661169843748,742,heuristic,602,True,602,0.0,OK
JSPPR_2_10x4.txt,sat,10,4,40,cadical195-pb,binmerge,1278159,4403366,266.32028526600334,13.219098739005858,259.9349932380137,6.250383809005143,945,heuristic,647,True,647,0.0,OK
JSPPR_2_4x4.txt,sat,4,4,16,cadical195-pb,binmerge,130787,506029,6.009709131001728,5.726634189981269,5.726634189981269,0.2698106479947455,475,heuristic,475,True,475,0.0,OK
JSPPR_2_5x4.txt,sat,5,4,20,cadical195-pb,binmerge,172681,630394,6.9374392649915535,6.351444272993831,6.657364854007028,0.2674843019922264,459,heuristic,447,True,447,0.0,OK
JSPPR_2_6x4.txt,sat,6,4,24,cadical195-pb,binmerge,314867,1151963,21.460926043015206,8.001866410020739,20.57313978901948,0.8623480910027865,583,heuristic,521,True,521,0.0,OK
JSPPR_2_7x4.txt,sat,7,4,28,cadical195-pb,binmerge,374589,1302357,15.939430862985319,8.253858815005515,15.844147278985474,0.06720930899609812,545,heuristic,478,True,478,0.0,OK
JSPPR_2_8x4.txt,sat,8,4,32,cadical195-pb,binmerge,664809,2277364,55.695888558984734,10.022210209979676,55.37895571900299,0.2608696120150853,689,heuristic,579,True,579,0.0,OK
JSPPR_2_9x4.txt,sat,9,4,36,cadical195-pb,binmerge,822431,2870634,173.49158369298675,25.926092635985697,171.36767114599934,2.049382578989025,745,heuristic,643,True,643,0.0,OK
JSPPR_3_10x4.txt,sat,10,4,40,cadical195-pb,binmerge,889194,2999047,91.3887703329965,9.910543716017855,67.46639382201829,23.845053082011873,711,heuristic,588,True,588,0.0,OK
JSPPR_3_4x4.txt,sat,4,4,16,cadical195-pb,binmerge,78349,292525,5.516808760003187,5.412746836984297,5.507106065982953,0.004238290013745427,352,heuristic,343,True,343,0.0,OK
JSPPR_3_5x4.txt,sat,5,4,20,cadical195-pb,binmerge,191112,719472,9.94763865499408,6.092067466001026,9.853085095994174,0.0785883629869204,499,heuristic,423,True,423,0.0,OK
JSPPR_3_6x4.txt,sat,6,4,24,cadical195-pb,binmerge,269197,966980,11.28,7.73430027646743,10.776016172407715,0.46894369001092434,516,heuristic,479,True,479,0.0,OK
JSPPR_3_7x4.txt,sat,7,4,28,cadical195-pb,binmerge,465925,1570569,22.07064268301474,8.093213717016624,21.83062982800766,0.19450551399495453,594,heuristic,512,True,512,0.0,OK
JSPPR_3_8x4.txt,sat,8,4,32,cadical195-pb,binmerge,545953,1847625,33.1594220349798,8.982240972982254,33.017852261982625,0.08674573298776522,592,heuristic,528,True,528,0.0,OK
JSPPR_3_9x4.txt,sat,9,4,36,cadical195-pb,binmerge,753860,2609592,82.43704355199588,10.861986217991216,82.35670161398593,2.088601468130946e-05,703,heuristic,581,True,581,0.0,OK
JSPPR_4_10x4.txt,sat,10,4,40,cadical195-pb,binmerge,2293893,8969078,871.4877504140022,20.46163336999598,870.3189409640036,0.9568732679763343,1995,heuristic,657,True,657,0.0,OK
JSPPR_4_4x4.txt,sat,4,4,16,cadical195-pb,binmerge,48771,191983,5.266979158011964,5.257760217995383,5.257760217995383,0.0037358069967012852,297,heuristic,297,True,297,0.0,OK
JSPPR_4_5x4.txt,sat,5,4,20,cadical195-pb,binmerge,113471,402826,5.835413234017324,5.5767961730016395,5.825954414001899,9.648996638134122e-06,362,heuristic,332,True,332,0.0,OK
JSPPR_4_6x4.txt,sat,6,4,24,cadical195-pb,binmerge,194673,685804,6.5996443269832525,6.426239639986306,6.496864029992139,0.08886246601468883,431,heuristic,418,True,418,0.0,OK
JSPPR_4_7x4.txt,sat,7,4,28,cadical195-pb,binmerge,308761,1037134,7.9549592479888815,6.550665590999415,7.742817407997791,0.1913458700000774,482,heuristic,395,True,395,0.0,OK
JSPPR_4_8x4.txt,sat,8,4,32,cadical195-pb,binmerge,526146,1783894,41.55529496000963,15.837207867007237,41.45152624702314,0.05109004399855621,613,heuristic,487,True,487,0.0,OK
JSPPR_4_9x4.txt,sat,9,4,36,cadical195-pb,binmerge,817501,2785908,117.58315499697346,12.24716737298877,110.78061766497558,6.714955798001029,743,heuristic,638,True,638,0.0,OK
JSPPR_5_10x4.txt,sat,10,4,40,cadical195-pb,binmerge,935913,2987912,80.6420618199918,10.098450757999672,53.60278056000243,26.960336460004328,665,heuristic,593,True,593,0.0,OK
JSPPR_5_4x4.txt,sat,4,4,16,cadical195-pb,binmerge,68207,233363,5.308687415003078,5.302564875019016,5.302564875019016,1.1533003998920321e-05,318,heuristic,318,True,318,0.0,OK
JSPPR_5_5x4.txt,sat,5,4,20,cadical195-pb,binmerge,116100,402803,5.6074802780058235,5.5938477579911705,5.5938477579911705,0.002857639017747715,350,heuristic,350,True,350,0.0,OK
JSPPR_5_6x4.txt,sat,6,4,24,cadical195-pb,binmerge,253131,893724,10.255587894993369,6.8065588799945544,10.235913617012557,1.842598430812359e-05,485,heuristic,437,True,437,0.0,OK
JSPPR_5_7x4.txt,sat,7,4,28,cadical195-pb,binmerge,360755,1192907,15.0765979240241,6.8357752920128405,14.91471263600397,0.13418413000181317,490,heuristic,429,True,429,0.0,OK
JSPPR_5_8x4.txt,sat,8,4,32,cadical195-pb,binmerge,556430,1912123,87.01273521399708,8.426484633993823,84.34891189998598,2.606285084009869,608,heuristic,467,True,467,0.0,OK
JSPPR_5_9x4.txt,sat,9,4,36,cadical195-pb,binmerge,690191,2304782,139.80428889297764,19.43556688298122,139.67198247899069,0.06697601199266501,619,heuristic,506,True,506,0.0,OK
